,Unnamed: 0,TimeStamp,Sending Node(SN),IMI,Net_Reli,Address of SN,Latitude,Longitude,Altitude,Speed,Heading,Seq. Number,List of Neighbors,Payload
67,67,60624509,n1,1,1,-,49.40160681,2.69434379,60.0,10,110.24415,68,n2;al3;al4;al5;ap1;al6;ap2;al7;ap3;al8;ap4;ap5;ap6;ap7;ap8;al1;al2;,airplug-demo:29594 says node n1 is alive
68,68,61626960,n1,1,1,-,49.40160282,2.69436072,60.0,10,109.72575,69,n2;al3;al4;al5;ap1;al6;ap2;al7;ap3;al8;ap4;ap5;ap6;ap7;ap8;al1;al2;,airplug-demo:29594 says node n1 is alive
69,69,62631516,n1,1,1,-,49.40159823,2.69437885,60.0,10,111.63144,70,n2;al3;al4;al5;ap1;al6;ap2;al7;ap3;al8;ap4;ap5;ap6;ap7;ap8;al1;al2;,airplug-demo:29594 says node n1 is alive
70,70,63633829,n1,1,1,-,49.40159823,2.69437885,60.0,10,111.63144,71,n2;al3;al4;al5;ap1;al6;ap2;al7;ap3;al8;ap4;ap5;ap6;ap7;ap8;al1;al2;,airplug-demo:29594 says node n1 is alive
71,71,64637107,n1,1,1,-,49.40159366,2.69439728,60.0,10,111.01529,72,n2;al3;al4;al5;ap1;al6;ap2;al7;ap3;al8;ap4;ap5;ap6;ap7;ap8;al1;al2;,airplug-demo:29594 says node n1 is alive
72,72,65639611,n1,1,1,-,49.40158964,2.69441565,60.0,10,108.05403,73,n2;al3;al4;al5;ap1;al6;ap2;al7;ap3;al8;ap4;ap5;ap6;ap7;ap8;al1;al2;,airplug-demo:29594 says node n1 is alive
73,73,66643116,n1,1,1,-,49.40158677,2.6944302,60.0,10,107.08409,74,n2;al3;al4;al5;ap1;al6;ap2;al7;ap3;al8;ap4;ap5;ap6;ap7;ap8;al1;al2;,airplug-demo:29594 says node n1 is alive
74,74,67066581,n1,0,1,-,49.40158162,2.69444781,60.0,10,114.04323,75,n2;al3;al4;al5;ap1;al6;ap2;al7;ap3;al8;ap4;ap5;ap6;ap7;ap8;al1;al2;,airplug-demo:29594 says node n1 is alive
75,75,68068781,n1,1,1,-,49.40158162,2.69444781,60.0,10,114.04323,76,n2;al3;al4;al5;ap1;al6;ap2;al7;ap3;al8;ap4;ap5;ap6;ap7;ap8;al1;al2;,airplug-demo:29594 says node n1 is alive
76,76,69071631,n1,1,1,-,49.40157703,2.69446566,60.0,10,111.63143,77,n2;al3;al4;al5;ap1;al6;ap2;al7;ap3;al8;ap4;ap5;ap6;ap7;ap8;al1;al2;,airplug-demo:29594 says node n1 is alive
77,77,70074096,n1,1,1,-,49.40157302,2.69448346,60.0,10,109.13638,78,n2;al3;al4;al5;ap1;al6;ap2;al7;ap3;al8;ap4;ap5;ap6;ap7;ap8;al1;al2;,airplug-demo:29594 says node n1 is alive
78,78,71077027,n1,1,1,-,49.40156901,2.69450183,60.0,10,108.58001,79,n2;al3;n3;al4;al5;ap1;al6;ap2;al7;ap3;al8;ap4;ap5;ap6;ap7;ap8;al1;al2;,airplug-demo:29594 says node n1 is alive
79,79,72080494,n1,1,1,-,49.40156499,2.69451963,60.0,10,109.13638,80,n2;al3;n3;al4;al5;ap1;al6;ap2;al7;ap3;al8;ap4;ap5;ap6;ap7;ap8;al1;al2;,airplug-demo:29594 says node n1 is alive
80,80,72749034,n1,0,1,-,49.40156099,2.69453369,60.0,10,113.28078,81,n2;al3;n3;al4;al5;ap1;al6;ap2;al7;ap3;al8;ap4;ap5;ap6;ap7;ap8;al1;al2;,airplug-demo:29594 says node n1 is alive
81,81,73751420,n1,1,1,-,49.40156099,2.69453369,60.0,10,113.28078,82,n2;al3;n3;al4;al5;ap1;al6;ap2;al7;ap3;al8;ap4;ap5;ap6;ap7;ap8;al1;al2;,airplug-demo:29594 says node n1 is alive
82,82,74753762,n1,1,1,-,49.40155642,2.69455153,60.0,10,111.63142,83,n2;al3;n3;al4;al5;ap1;al6;ap2;al7;ap3;al8;ap4;ap5;ap6;ap7;ap8;al1;al2;,airplug-demo:29594 says node n1 is alive
83,83,75016087,n1,0,1,-,49.40155296,2.69456929,60.0,10,106.56363,84,n2;al3;n3;al4;al5;ap1;al6;ap2;al7;ap3;al8;ap4;ap5;ap6;ap7;ap8;al1;al2;,airplug-demo:29594 says node n1 is alive
84,84,76018079,n1,1,1,-,49.40155296,2.69456929,60.0,10,106.56363,85,n2;al3;n3;al4;al5;ap1;al6;ap2;al7;ap3;al8;ap4;ap5;ap6;ap7;ap8;al1;al2;,airplug-demo:29594 says node n1 is alive
85,85,77020212,n1,1,1,-,49.40154896,2.6945871,60.0,10,109.13637,86,n2;al3;n3;al4;al5;ap1;al6;ap2;al7;ap3;al8;ap4;ap5;ap6;ap7;ap8;al1;al2;,airplug-demo:29594 says node n1 is alive
86,86,77293168,n1,0,1,-,49.40154381,2.69460526,60.0,10,114.04321,87,n2;al3;n3;al4;al5;ap1;al6;ap2;al7;ap3;al8;ap4;ap5;ap6;ap7;ap8;al1;al2;,airplug-demo:29594 says node n1 is alive
87,87,78295163,n1,1,1,-,49.40154381,2.69460526,60.0,10,114.04321,88,n2;al3;n3;al4;al5;ap1;al6;ap2;al7;ap3;al8;ap4;ap5;ap6;ap7;ap8;al1;al2;,airplug-demo:29594 says node n1 is alive
88,88,78455511,n1,0,1,-,49.40154036,2.69462274,60.0,10,106.56363,89,n2;al3;n3;al4;al5;ap1;al6;ap2;al7;ap3;al8;ap4;ap5;ap6;ap7;ap8;al1;al2;,airplug-demo:29594 says node n1 is alive
89,89,79457797,n1,1,1,-,49.40154036,2.69462274,60.0,10,106.56363,90,n2;al3;n3;al4;al5;ap1;al6;ap2;al7;ap3;al8;ap4;ap5;ap6;ap7;ap8;al1;al2;,airplug-demo:29594 says node n1 is alive
90,90,79595560,n1,0,1,-,49.40153693,2.69463676,60.0,10,111.01527,91,n2;al3;n3;al4;al5;ap1;al6;ap2;al7;ap3;al8;ap4;ap5;ap6;ap7;ap8;al1;al2;,airplug-demo:29594 says node n1 is alive
91,91,80598534,n1,1,1,-,49.40153693,2.69463676,60.0,10,111.01527,92,n2;al3;n3;al4;al5;ap1;al6;ap2;al7;ap3;al8;ap4;ap5;ap6;ap7;ap8;al1;al2;,airplug-demo:29594 says node n1 is alive
92,92,81602208,n1,1,1,-,49.40153292,2.69465456,60.0,10,109.13637,93,n2;al3;n3;al4;al5;ap1;al6;ap2;al7;ap3;al8;ap4;ap5;ap6;ap7;ap8;al1;al2;,airplug-demo:29594 says node n1 is alive
93,93,82605249,n1,1,1,-,49.40152891,2.69467179,60.0,10,109.13637,94,n2;al3;n3;al4;n4;al5;ap1;al6;ap2;al7;ap3;al8;ap4;ap5;ap6;ap7;ap8;al1;al2;,airplug-demo:29594 says node n1 is alive
94,94,83606950,n1,1,1,-,49.40152432,2.69468963,60.0,10,111.63141,95,n2;al3;n3;al4;n4;al5;ap1;al6;ap2;al7;ap3;al8;ap4;ap5;ap6;ap7;ap8;al1;al2;,airplug-demo:29594 says node n1 is alive
95,95,84130587,n1,0,1,-,49.40152145,2.6947042,60.0,10,107.08406,96,n2;al3;n3;al4;n4;al5;ap1;al6;ap2;al7;ap3;al8;ap4;ap5;ap6;ap7;ap8;al1;al2;,airplug-demo:29594 says node n1 is alive
96,96,85132864,n1,1,1,-,49.40152145,2.6947042,60.0,10,107.08406,97,n2;al3;n3;al4;n4;al5;ap1;al6;ap2;al7;ap3;al8;ap4;ap5;ap6;ap7;ap8;al1;al2;,airplug-demo:29594 says node n1 is alive
97,97,85276465,n1,0,1,-,49.4015163,2.69472235,60.0,10,113.37356,98,n2;al3;n3;al4;n4;al5;ap1;al6;ap2;al7;ap3;al8;ap4;ap5;ap6;ap7;ap8;al1;al2;,airplug-demo:29594 says node n1 is alive
98,98,86279982,n1,1,1,-,49.4015163,2.69472235,60.0,10,113.37356,99,n2;al3;n3;al4;n4;al5;ap1;al6;ap2;al7;ap3;al8;ap4;ap5;ap6;ap7;ap8;al1;al2;,airplug-demo:29594 says node n1 is alive
99,99,86419222,n1,0,1,-,49.40151228,2.69474015,60.0,10,109.13636,100,n2;al3;n3;al4;n4;al5;ap1;al6;ap2;al7;ap3;al8;ap4;ap5;ap6;ap7;ap8;al1;al2;,airplug-demo:29594 says node n1 is alive
100,100,87421230,n1,1,1,-,49.40151228,2.69474015,60.0,10,109.13636,101,n2;al3;n3;al4;n4;al5;ap1;al6;ap2;al7;ap3;al8;ap4;ap5;ap6;ap7;ap8;al1;al2;,airplug-demo:29594 says node n1 is alive
101,101,88423600,n1,1,1,-,49.40150827,2.69475796,60.0,10,109.13636,102,n2;al3;n3;al4;n4;al5;ap1;al6;ap2;al7;ap3;al8;ap4;ap5;ap6;ap7;ap8;al1;al2;,airplug-demo:29594 says node n1 is alive
102,102,89425885,n1,1,1,-,49.40150427,2.69477547,60.0,10,109.13636,103,n2;al3;n3;al4;n4;al5;ap1;al6;ap2;al7;ap3;al8;ap4;ap5;ap6;ap7;ap8;al1;al2;,airplug-demo:29594 says node n1 is alive
103,103,90428360,n1,1,1,-,49.40150026,2.69479327,60.0,10,109.13636,104,n2;al3;n3;al4;n4;al5;ap1;al6;ap2;al7;ap3;al8;ap4;ap5;ap6;ap7;ap8;al1;al2;,airplug-demo:29594 says node n1 is alive
104,104,91431929,n1,1,1,-,49.40149567,2.69481053,60.0,10,112.28288,105,n2;al3;n3;al4;n4;al5;ap1;al6;ap2;al7;ap3;al8;ap4;ap5;ap6;ap7;ap8;al1;al2;,airplug-demo:29594 says node n1 is alive
105,105,92435755,n1,1,1,-,49.40149052,2.69482838,60.0,10,114.04319,106,n2;al3;n3;al4;n4;al5;ap1;al6;ap2;al7;ap3;al8;ap4;ap5;ap6;ap7;ap8;al1;al2;,airplug-demo:29594 says node n1 is alive
106,106,93294818,n1,0,1,-,49.4014865,2.69484561,60.0,10,109.72571,107,n2;al3;n3;al4;n4;al5;ap1;al6;ap2;al7;ap3;al8;ap4;ap5;ap6;ap7;ap8;al1;al2;,airplug-demo:29594 says node n1 is alive
107,107,94297508,n1,1,1,-,49.4014865,2.69484561,60.0,10,109.72571,108,n2;al3;n3;al4;n4;al5;ap1;al6;ap2;al7;ap3;al8;ap4;ap5;ap6;ap7;ap8;al1;al2;,airplug-demo:29594 says node n1 is alive
108,108,95299479,n1,1,1,-,49.40148249,2.69486312,60.0,10,109.13635,109,n2;al3;n3;al4;n4;al5;ap1;al6;ap2;al7;ap3;al8;ap4;ap5;ap6;ap7;ap8;al1;al2;,airplug-demo:29594 says node n1 is alive
109,109,96301504,n1,1,1,-,49.40147849,2.69488092,60.0,10,109.13635,110,n2;al3;n3;al4;n4;al5;ap1;al6;ap2;al7;ap3;al8;ap4;ap5;ap6;ap7;ap8;al1;al2;,airplug-demo:29594 says node n1 is alive
110,110,97303487,n1,1,1,-,49.40147504,2.6948987,60.0,10,106.56361,111,n2;al3;n3;al4;n4;al5;ap1;al6;ap2;al7;ap3;al8;ap4;ap5;ap6;ap7;ap8;al1;al2;,airplug-demo:29594 says node n1 is alive
111,111,98306992,n1,1,1,-,49.40147161,2.69491302,60.0,10,110.2441,112,n2;al3;n3;al4;n4;al5;ap1;al6;ap2;al7;ap3;al8;ap4;ap5;ap6;ap7;ap8;al1;al2;,airplug-demo:29594 says node n1 is alive
112,112,99309225,n1,1,1,-,49.40146702,2.69493114,60.0,10,111.63139,113,n2;al3;n3;al4;n4;al5;ap1;al6;ap2;al7;ap3;al8;ap4;ap5;ap6;ap7;ap8;al1;al2;,airplug-demo:29594 says node n1 is alive
113,113,100311507,n1,1,1,-,49.40146301,2.69494865,60.0,10,109.13635,114,n2;al3;n3;al4;n4;al5;ap1;al6;ap2;al7;ap3;al8;ap4;ap5;ap6;ap7;ap8;al1;al2;,airplug-demo:29594 says node n1 is alive
114,114,101316374,n1,1,1,-,49.40145844,2.69496676,60.0,10,111.63138,115,n2;al3;n3;al4;n4;al5;ap1;al6;ap2;al7;ap3;al8;ap4;ap5;ap6;ap7;ap8;al1;al2;,airplug-demo:29594 says node n1 is alive
115,115,102319609,n1,1,1,-,49.40145844,2.69496676,60.0,10,111.63138,116,n2;al3;n3;al4;n4;al5;ap1;al6;ap2;al7;ap3;al8;ap4;ap5;ap6;ap7;ap8;al1;al2;,airplug-demo:29594 says node n1 is alive
116,116,103322163,n1,1,1,-,49.40145385,2.69498459,60.0,10,111.01524,117,n2;al3;n3;al4;n4;al5;ap1;al6;ap2;al7;ap3;al8;ap4;ap5;ap6;ap7;ap8;al1;al2;,airplug-demo:29594 says node n1 is alive
117,117,104329372,n1,1,1,-,49.40144984,2.69500239,60.0,10,109.13634,118,n2;al3;n3;al4;n4;al5;ap1;al6;ap2;al7;ap3;al8;ap4;ap5;ap6;ap7;ap8;al1;al2;,airplug-demo:29594 says node n1 is alive
118,118,105331577,n1,1,1,-,49.40144582,2.6950202,60.0,10,109.13633,119,n2;al3;n3;al4;n4;al5;ap1;al6;ap2;al7;ap3;al8;ap4;ap5;ap6;ap7;ap8;al1;al2;,airplug-demo:29594 says node n1 is alive
119,119,106335177,n1,1,1,-,49.40144181,2.695038,60.0,10,109.13633,120,n2;al3;n3;al4;n4;al5;ap1;al6;ap2;al7;ap3;al8;ap4;ap5;ap6;ap7;ap8;al1;al2;,airplug-demo:29594 says node n1 is alive
120,120,107337330,n1,1,1,-,49.4014378,2.69505523,60.0,10,109.72569,121,n2;al3;n3;al4;n4;al5;ap1;al6;ap2;al7;ap3;al8;ap4;ap5;ap6;ap7;ap8;al1;al2;,airplug-demo:29594 says node n1 is alive
121,121,108340200,n1,1,1,-,49.40143435,2.69506983,60.0,10,110.24409,122,n2;al3;n3;al4;n4;al5;ap1;al6;ap2;al7;ap3;al8;ap4;ap5;ap6;ap7;ap8;al1;al2;,airplug-demo:29594 says node n1 is alive
122,122,109343011,n1,1,1,-,49.40143036,2.69508735,60.0,10,109.13633,123,n2;al3;n3;al4;n4;al5;ap1;al6;ap2;al7;ap3;al8;ap4;ap5;ap6;ap7;ap8;al1;al2;,airplug-demo:29594 says node n1 is alive
123,123,110345938,n1,1,1,-,49.40143036,2.69508735,60.0,10,109.13633,124,n2;al3;n3;al4;n4;al5;ap1;al6;ap2;al7;ap3;al8;ap4;ap5;ap6;ap7;ap8;al1;al2;,airplug-demo:29594 says node n1 is alive
124,124,110374296,n1,0,1,-,49.40142519,2.69510461,60.0,10,114.74983,125,n2;al3;n3;al4;n4;al5;ap1;al6;ap2;al7;ap3;al8;ap4;ap5;ap6;ap7;ap8;al1;al2;,airplug-demo:29594 says node n1 is alive
125,125,111377154,n1,1,1,-,49.40142519,2.69510461,60.0,10,114.74983,126,n2;al3;n3;al4;n4;al5;ap1;al6;ap2;al7;ap3;al8;ap4;ap5;ap6;ap7;ap8;al1;al2;,airplug-demo:29594 says node n1 is alive
126,126,111512992,n1,0,1,-,49.40142118,2.69512241,60.0,10,109.13633,127,n2;al3;n3;al4;n4;al5;ap1;al6;ap2;al7;ap3;al8;ap4;ap5;ap6;ap7;ap8;al1;al2;,airplug-demo:29594 says node n1 is alive
127,127,112514782,n1,1,1,-,49.40142118,2.69512241,60.0,10,109.13633,128,n2;al3;n3;al4;n4;al5;ap1;al6;ap2;al7;ap3;al8;ap4;ap5;ap6;ap7;ap8;al1;al2;,airplug-demo:29594 says node n1 is alive
128,128,113516952,n1,1,1,-,49.40141718,2.69513993,60.0,10,109.13633,129,n2;al3;n3;al4;n4;al5;ap1;al6;ap2;al7;ap3;al8;ap4;ap5;ap6;ap7;ap8;al1;al2;,airplug-demo:29594 says node n1 is alive
129,129,114519097,n1,1,1,-,49.40141317,2.69515773,60.0,10,109.13632,130,n2;al3;n3;al4;n4;al5;ap1;al6;ap2;al7;ap3;al8;ap4;ap5;ap6;ap7;ap8;al1;al2;,airplug-demo:29594 says node n1 is alive
130,130,115526167,n1,1,1,-,49.4014103,2.69517202,60.0,10,107.08403,131,n2;al3;n3;al4;n4;al5;ap1;al6;ap2;al7;ap3;al8;ap4;ap5;ap6;ap7;ap8;al1;al2;,airplug-demo:29594 says node n1 is alive
131,131,116528229,n1,1,1,-,49.40140571,2.69519072,60.0,10,111.01522,132,n2;al3;n3;al4;n4;al5;ap1;al6;ap2;al7;ap3;al8;ap4;ap5;ap6;ap7;ap8;al1;al2;,airplug-demo:29594 says node n1 is alive
132,132,117530179,n1,1,1,-,49.40140171,2.69520823,60.0,10,109.13632,133,n2;al3;n3;al4;n4;al5;ap1;al6;ap2;al7;ap3;al8;ap4;ap5;ap6;ap7;ap8;al1;al2;,airplug-demo:29594 says node n1 is alive
133,133,118532553,n1,1,1,-,49.4013977,2.69522574,60.0,10,109.72567,134,n2;al3;n3;al4;n4;al5;ap1;al6;ap2;al7;ap3;al8;ap4;ap5;ap6;ap7;ap8;al1;al2;,airplug-demo:29594 says node n1 is alive
134,134,119534168,n1,1,1,-,49.40139312,2.69524357,60.0,10,111.01521,135,n2;al3;n3;al4;n4;al5;ap1;al6;ap2;al7;ap3;al8;ap4;ap5;ap6;ap7;ap8;al1;al2;,airplug-demo:29594 says node n1 is alive
135,135,120535869,n1,1,1,-,49.40139312,2.69524357,60.0,10,111.01521,136,n2;al3;n3;al4;n4;al5;ap1;al6;ap2;al7;ap3;al8;ap4;ap5;ap6;ap7;ap8;al1;al2;,airplug-demo:29594 says node n1 is alive
136,136,121538016,n1,1,1,-,49.40138967,2.69525759,60.0,10,111.01521,137,n2;al3;n3;al4;n4;al5;ap1;al6;ap2;al7;ap3;al8;ap4;ap5;ap6;ap7;ap8;al1;al2;,airplug-demo:29594 says node n1 is alive
137,137,122540434,n1,1,1,-,49.40138566,2.69527539,60.0,10,109.13632,138,n2;al3;n3;al4;n4;al5;ap1;al6;ap2;al7;ap3;al8;ap4;ap5;ap6;ap7;ap8;al1;al2;,airplug-demo:29594 says node n1 is alive
138,138,123543922,n1,1,1,-,49.40138164,2.6952932,60.0,10,109.13631,139,n2;al3;n3;al4;n4;al5;ap1;al6;ap2;al7;ap3;al8;ap4;ap5;ap6;ap7;ap8;al1;al2;,airplug-demo:29594 says node n1 is alive
139,139,124546116,n1,1,1,-,49.40137763,2.69531042,60.0,10,109.72567,140,n2;al3;n3;al4;n4;al5;ap1;al6;ap2;al7;ap3;al8;ap4;ap5;ap6;ap7;ap8;al1;al2;,airplug-demo:29594 says node n1 is alive
140,140,125548043,n1,1,1,-,49.40137363,2.69532736,60.0,10,109.72567,141,n2;al3;n3;al4;n4;al5;ap1;al6;ap2;al7;ap3;al8;ap4;ap5;ap6;ap7;ap8;al1;al2;,airplug-demo:29594 says node n1 is alive
141,141,126550380,n1,1,1,-,49.40137019,2.69534166,60.0,10,110.24406,142,n2;al3;n3;al4;n4;al5;ap1;al6;ap2;al7;ap3;al8;ap4;ap5;ap6;ap7;ap8;al1;al2;,airplug-demo:29594 says node n1 is alive
142,142,127553119,n1,1,1,-,49.40136618,2.69535947,60.0,10,109.13631,143,n2;al3;n3;al4;n4;al5;ap1;al6;ap2;al7;ap3;al8;ap4;ap5;ap6;ap7;ap8;al1;al2;,airplug-demo:29594 says node n1 is alive
143,143,128556140,n1,1,1,-,49.40136618,2.69535947,60.0,10,109.13631,144,n2;al3;n3;al4;n4;al5;ap1;al6;ap2;al7;ap3;al8;ap4;ap5;ap6;ap7;ap8;al1;al2;,airplug-demo:29594 says node n1 is alive
144,144,128623148,n1,0,1,-,49.40136103,2.69537788,60.0,10,113.37349,145,n2;al3;n3;al4;n4;al5;ap1;al6;ap2;al7;ap3;al8;ap4;ap5;ap6;ap7;ap8;al1;al2;,airplug-demo:29594 says node n1 is alive
145,145,129624970,n1,1,1,-,49.40136103,2.69537788,60.0,10,113.37349,146,n2;al3;n3;al4;n4;al5;ap1;al6;ap2;al7;ap3;al8;ap4;ap5;ap6;ap7;ap8;al1;al2;,airplug-demo:29594 says node n1 is alive
146,146,129777493,n1,0,1,-,49.40135758,2.69539626,60.0,10,106.07308,147,n2;al3;n3;al4;n4;al5;ap1;al6;ap2;al7;ap3;al8;ap4;ap5;ap6;ap7;ap8;al1;al2;,airplug-demo:29594 says node n1 is alive
147,147,130779227,n1,1,1,-,49.40135758,2.69539626,60.0,10,106.07308,148,n2;al3;n3;al4;n4;al5;ap1;al6;ap2;al7;ap3;al8;ap4;ap5;ap6;ap7;ap8;al1;al2;,airplug-demo:29594 says node n1 is alive
148,148,130884444,n1,0,1,-,49.40135299,2.69541466,60.0,10,111.01519,149,n2;al3;n3;al4;n4;al5;ap1;al6;ap2;al7;ap3;al8;ap4;ap5;ap6;ap7;ap8;al1;al2;,airplug-demo:29594 says node n1 is alive
149,149,131886915,n1,1,1,-,49.40135299,2.69541466,60.0,10,111.01519,150,n2;al3;n3;al4;n4;al5;ap1;al6;ap2;al7;ap3;al8;ap4;ap5;ap6;ap7;ap8;al1;al2;,airplug-demo:29594 says node n1 is alive
150,150,132890156,n1,1,1,-,49.40134898,2.69543246,60.0,10,109.1363,151,n2;al3;n3;al4;n4;al5;ap1;al6;ap2;al7;ap3;al8;ap4;ap5;ap6;ap7;ap8;al1;al2;,airplug-demo:29594 says node n1 is alive
151,151,133892683,n1,1,1,-,49.40134441,2.69544999,60.0,10,111.63134,152,n2;al3;n3;al4;n4;al5;ap1;al6;ap2;al7;ap3;al8;ap4;ap5;ap6;ap7;ap8;al1;al2;,airplug-demo:29594 says node n1 is alive
152,152,134894640,n1,1,1,-,49.40134097,2.69546429,60.0,10,110.24405,153,n2;al3;n3;al4;n4;al5;ap1;al6;ap2;al7;ap3;al8;ap4;ap5;ap6;ap7;ap8;al1;al2;,airplug-demo:29594 says node n1 is alive
153,153,135897605,n1,1,1,-,49.40133696,2.69548152,60.0,10,109.72565,154,n2;al3;n3;al4;n4;al5;ap1;al6;ap2;al7;ap3;al8;ap4;ap5;ap6;ap7;ap8;al1;al2;,airplug-demo:29594 says node n1 is alive
154,154,136900400,n1,1,1,-,49.40133295,2.69549932,60.0,10,109.13629,155,n2;al3;n3;al4;n4;al5;ap1;al6;ap2;al7;ap3;al8;ap4;ap5;ap6;ap7;ap8;al1;al2;,airplug-demo:29594 says node n1 is alive
155,155,137902244,n1,1,1,-,49.40132893,2.69551771,60.0,10,108.57992,156,n2;al3;n3;al4;n4;al5;ap1;al6;ap2;al7;ap3;al8;ap4;ap5;ap6;ap7;ap8;al1;al2;,airplug-demo:29594 says node n1 is alive
156,156,138904420,n1,1,1,-,49.40132492,2.69553552,60.0,10,109.13629,157,n2;al3;n3;al4;n4;al5;ap1;al6;ap2;al7;ap3;al8;ap4;ap5;ap6;ap7;ap8;al1;al2;,airplug-demo:29594 says node n1 is alive
157,157,139906559,n1,1,1,-,49.40132492,2.69553552,60.0,10,109.13629,158,n2;al3;n3;al4;n4;al5;ap1;al6;ap2;al7;ap3;al8;ap4;ap5;ap6;ap7;ap8;al1;al2;,airplug-demo:29594 says node n1 is alive
158,158,140017461,n1,0,1,-,49.40132206,2.69555301,60.0,10,103.92026,159,n2;al3;n3;al4;n4;al5;ap1;al6;ap2;al7;ap3;al8;ap4;ap5;ap6;ap7;ap8;al1;al2;,airplug-demo:29594 says node n1 is alive
159,159,141019792,n1,1,1,-,49.40132206,2.69555301,60.0,10,103.92026,160,n2;al3;n3;al4;n4;al5;ap1;al6;ap2;al7;ap3;al8;ap4;ap5;ap6;ap7;ap8;al1;al2;,airplug-demo:29594 says node n1 is alive
160,160,141158841,n1,0,1,-,49.40131805,2.69557082,60.0,10,109.13629,161,n2;al3;n3;al4;n4;al5;ap1;al6;ap2;al7;ap3;al8;ap4;ap5;ap6;ap7;ap8;al1;al2;,airplug-demo:29594 says node n1 is alive
161,161,142164192,n1,1,1,-,49.40131805,2.69557082,60.0,10,109.13629,162,n2;al3;n3;al4;n4;al5;ap1;al6;ap2;al7;ap3;al8;ap4;ap5;ap6;ap7;ap8;al1;al2;,airplug-demo:29594 says node n1 is alive
162,162,143167493,n1,1,1,-,49.40131403,2.69558863,60.0,10,109.13629,163,n2;al3;n3;al4;n4;al5;ap1;al6;ap2;al7;ap3;al8;ap4;ap5;ap6;ap7;ap8;al1;al2;,airplug-demo:29594 says node n1 is alive
163,163,144170759,n1,1,1,-,49.40131003,2.69560672,60.0,10,109.13629,164,n2;al3;n3;al4;n4;al5;ap1;al6;ap2;al7;ap3;al8;ap4;ap5;ap6;ap7;ap8;al1;al2;,airplug-demo:29594 says node n1 is alive
164,164,144587615,n1,0,1,-,49.40130774,2.69562159,60.0,10,103.30114,165,n2;al3;n3;al4;n4;al5;ap1;al6;ap2;al7;ap3;al8;ap4;ap5;ap6;ap7;ap8;al1;al2;,airplug-demo:29594 says node n1 is alive
165,165,145589573,n1,1,1,-,49.40130774,2.69562159,60.0,10,103.30114,166,n2;al3;n3;al4;n4;al5;ap1;al6;ap2;al7;ap3;al8;ap4;ap5;ap6;ap7;ap8;al1;al2;,airplug-demo:29594 says node n1 is alive
166,166,146591907,n1,1,1,-,49.40130487,2.69563909,60.0,10,103.92026,167,n2;al3;n3;al4;n4;al5;ap1;al6;ap2;al7;ap3;al8;ap4;ap5;ap6;ap7;ap8;al1;al2;,airplug-demo:29594 says node n1 is alive
167,167,147595467,n1,1,1,-,49.401302,2.69565747,60.0,10,103.50142,168,n2;al3;n3;al4;n4;al5;ap1;al6;ap2;al7;ap3;al8;ap4;ap5;ap6;ap7;ap8;al1;al2;,airplug-demo:29594 says node n1 is alive
168,168,148599225,n1,1,1,-,49.40129913,2.69567526,60.0,10,103.92026,169,n2;al3;n3;al4;n4;al5;ap1;al6;ap2;al7;ap3;al8;ap4;ap5;ap6;ap7;ap8;al1;al2;,airplug-demo:29594 says node n1 is alive
169,169,149602373,n1,1,1,-,49.40129626,2.69569247,60.0,10,104.36536,170,n2;al3;n3;al4;n4;al5;ap1;al6;ap2;al7;ap3;al8;ap4;ap5;ap6;ap7;ap8;al1;al2;,airplug-demo:29594 says node n1 is alive
170,170,150604222,n1,1,1,-,49.40129341,2.69570997,60.0,10,103.92026,171,n2;al3;n3;al4;n4;al5;ap1;al6;ap2;al7;ap3;al8;ap4;ap5;ap6;ap7;ap8;al1;al2;,airplug-demo:29594 says node n1 is alive
171,171,151609015,n1,1,1,-,49.40129111,2.69572426,60.0,10,104.36536,172,n2;al3;n3;al4;n4;al5;ap1;al6;ap2;al7;ap3;al8;ap4;ap5;ap6;ap7;ap8;al1;al2;,airplug-demo:29594 says node n1 is alive
172,172,152612221,n1,1,1,-,49.40128823,2.69574235,60.0,10,103.50142,173,n2;al3;n3;al4;n4;al5;ap1;al6;ap2;al7;ap3;al8;ap4;ap5;ap6;ap7;ap8;al1;al2;,airplug-demo:29594 says node n1 is alive
173,173,153615274,n1,1,1,-,49.40128823,2.69574235,60.0,10,103.50142,174,n2;al3;n3;al4;n4;al5;ap1;al6;ap2;al7;ap3;al8;ap4;ap5;ap6;ap7;ap8;al1;al2;,airplug-demo:29594 says node n1 is alive
174,174,154618834,n1,1,1,-,49.40128537,2.69575985,60.0,10,103.92026,175,n2;al3;n3;al4;n4;al5;ap1;al6;ap2;al7;ap3;al8;ap4;ap5;ap6;ap7;ap8;al1;al2;,airplug-demo:29594 says node n1 is alive
175,175,155621519,n1,1,1,-,49.40128251,2.69577823,60.0,10,103.50142,176,n2;al3;n3;al4;n4;al5;ap1;al6;ap2;al7;ap3;al8;ap4;ap5;ap6;ap7;ap8;al1;al2;,airplug-demo:29594 says node n1 is alive
176,176,156623513,n1,1,1,-,49.40128022,2.69579252,60.0,10,103.81317,177,n2;al3;n3;al4;n4;al5;ap1;al6;ap2;al7;ap3;al8;ap4;ap5;ap6;ap7;ap8;al1;al2;,airplug-demo:29594 says node n1 is alive
177,177,157626781,n1,1,1,-,49.40127735,2.69581032,60.0,10,103.92025,178,n2;al3;n3;al4;n4;al5;ap1;al6;ap2;al7;ap3;al8;ap4;ap5;ap6;ap7;ap8;al1;al2;,airplug-demo:29594 says node n1 is alive
178,178,158628704,n1,1,1,-,49.40127447,2.69582812,60.0,10,103.92025,179,n2;al3;n3;al4;n4;al5;ap1;al6;ap2;al7;ap3;al8;ap4;ap5;ap6;ap7;ap8;al1;al2;,airplug-demo:29594 says node n1 is alive
179,179,159632177,n1,1,1,-,49.40127162,2.69584621,60.0,10,103.92025,180,n2;al3;n3;al4;n4;al5;ap1;al6;ap2;al7;ap3;al8;ap4;ap5;ap6;ap7;ap8;al1;al2;,airplug-demo:29594 says node n1 is alive
180,180,160634252,n1,1,1,-,49.40126874,2.69586488,60.0,10,103.10661,181,n2;al3;n3;al4;n4;al5;ap1;al6;ap2;al7;ap3;al8;ap4;ap5;ap6;ap7;ap8;al1;al2;,airplug-demo:29594 says node n1 is alive
181,181,161636435,n1,1,1,-,49.40126874,2.69586488,60.0,10,103.10661,182,n2;al3;n3;al4;n4;al5;ap1;al6;ap2;al7;ap3;al8;ap4;ap5;ap6;ap7;ap8;al1;al2;,airplug-demo:29594 says node n1 is alive
182,182,162638293,n1,1,1,-,49.40126588,2.69588355,60.0,10,103.50141,183,n2;al3;n3;al4;n4;al5;ap1;al6;ap2;al7;ap3;al8;ap4;ap5;ap6;ap7;ap8;al1;al2;,airplug-demo:29594 says node n1 is alive
183,183,163640463,n1,1,1,-,49.40126301,2.69590165,60.0,10,103.50141,184,n2;al3;n3;al4;n4;al5;ap1;al6;ap2;al7;ap3;al8;ap4;ap5;ap6;ap7;ap8;al1;al2;,airplug-demo:29594 says node n1 is alive
184,184,164643222,n1,1,1,-,49.40126014,2.69591916,60.0,10,103.92025,185,n2;al3;n3;al4;n4;al5;ap1;al6;ap2;al7;ap3;al8;ap4;ap5;ap6;ap7;ap8;al1;al2;,airplug-demo:29594 says node n1 is alive
185,185,165645573,n1,1,1,-,49.40125728,2.69593696,60.0,10,103.92025,186,n2;al3;n3;al4;n4;al5;ap1;al6;ap2;al7;ap3;al8;ap4;ap5;ap6;ap7;ap8;al1;al2;,airplug-demo:29594 says node n1 is alive
186,186,166648019,n1,1,1,-,49.40125442,2.69595505,60.0,10,103.92025,187,n2;al3;n3;al4;n4;al5;ap1;al6;ap2;al7;ap3;al8;ap4;ap5;ap6;ap7;ap8;al1;al2;,airplug-demo:29594 says node n1 is alive
187,187,167650929,n1,1,1,-,49.40125212,2.69596935,60.0,10,103.81317,188,n2;al3;n3;al4;n4;al5;ap1;al6;ap2;al7;ap3;al8;ap4;ap5;ap6;ap7;ap8;al1;al2;,airplug-demo:29594 says node n1 is alive
188,188,168653814,n1,1,1,-,49.40124924,2.69598745,60.0,10,103.50141,189,n2;al3;n3;al4;n4;al5;ap1;al6;ap2;al7;ap3;al8;ap4;ap5;ap6;ap7;ap8;al1;al2;,airplug-demo:29594 says node n1 is alive
189,189,169656138,n1,1,1,-,49.40124924,2.69598745,60.0,10,103.50141,190,n2;al3;n3;al4;n4;al5;ap1;al6;ap2;al7;ap3;al8;ap4;ap5;ap6;ap7;ap8;al1;al2;,airplug-demo:29594 says node n1 is alive
190,190,170658875,n1,1,1,-,49.40124639,2.69600554,60.0,10,103.92025,191,n2;al3;n3;al4;n4;al5;ap1;al6;ap2;al7;ap3;al8;ap4;ap5;ap6;ap7;ap8;al1;al2;,airplug-demo:29594 says node n1 is alive
191,191,171660760,n1,1,1,-,49.40124353,2.69602334,60.0,10,103.92025,192,n2;al3;n3;al4;n4;al5;ap1;al6;ap2;al7;ap3;al8;ap4;ap5;ap6;ap7;ap8;al1;al2;,airplug-demo:29594 says node n1 is alive
192,192,172663090,n1,1,1,-,49.40124065,2.69604144,60.0,10,103.5014,193,n2;al3;n3;al4;n4;al5;ap1;al6;ap2;al7;ap3;al8;ap4;ap5;ap6;ap7;ap8;al1;al2;,airplug-demo:29594 says node n1 is alive
193,193,173665417,n1,1,1,-,49.40123779,2.69605954,60.0,10,103.5014,194,n2;al3;n3;al4;n4;al5;ap1;al6;ap2;al7;ap3;al8;ap4;ap5;ap6;ap7;ap8;al1;al2;,airplug-demo:29594 says node n1 is alive
194,194,174667298,n1,1,1,-,49.40123549,2.69607325,60.0,10,104.36534,195,n2;al3;n3;al4;n4;al5;ap1;al6;ap2;al7;ap3;al8;ap4;ap5;ap6;ap7;ap8;al1;al2;,airplug-demo:29594 says node n1 is alive
195,195,175669819,n1,1,1,-,49.40123262,2.69609194,60.0,10,103.5014,196,n2;al3;n3;al4;n4;al5;ap1;al6;ap2;al7;ap3;al8;ap4;ap5;ap6;ap7;ap8;al1;al2;,airplug-demo:29594 says node n1 is alive
196,196,176672006,n1,1,1,-,49.40122976,2.69610945,60.0,10,103.92024,197,n2;al3;n3;al4;n4;al5;ap1;al6;ap2;al7;ap3;al8;ap4;ap5;ap6;ap7;ap8;al1;al2;,airplug-demo:29594 says node n1 is alive
197,197,177674515,n1,1,1,-,49.40122689,2.69612667,60.0,10,104.36534,198,n2;al3;n3;al4;n4;al5;ap1;al6;ap2;al7;ap3;al8;ap4;ap5;ap6;ap7;ap8;al1;al2;,airplug-demo:29594 says node n1 is alive
198,198,178676568,n1,1,1,-,49.40122689,2.69612667,60.0,10,104.36534,199,n2;al3;n3;al4;n4;al5;ap1;al6;ap2;al7;ap3;al8;ap4;ap5;ap6;ap7;ap8;al1;al2;,airplug-demo:29594 says node n1 is alive
199,199,179679499,n1,1,1,-,49.40122403,2.69614565,60.0,10,103.1066,200,n2;al3;n3;al4;n4;al5;ap1;al6;ap2;al7;ap3;al8;ap4;ap5;ap6;ap7;ap8;al1;al2;,airplug-demo:29594 says node n1 is alive
200,200,180681941,n1,1,1,-,49.40122116,2.69616316,60.0,10,103.92024,201,n2;al3;n3;al4;n4;al5;ap1;al6;ap2;al7;ap3;al8;ap4;ap5;ap6;ap7;ap8;al1;al2;,airplug-demo:29594 says node n1 is alive
201,201,181686326,n1,1,1,-,49.4012183,2.69618039,60.0,10,104.36533,202,n2;al3;n3;al4;n4;al5;ap1;al6;ap2;al7;ap3;al8;ap4;ap5;ap6;ap7;ap8;al1;al2;,airplug-demo:29594 says node n1 is alive
202,202,182689243,n1,1,1,-,49.40121543,2.69619849,60.0,10,103.92024,203,n2;al3;n3;al4;n4;al5;ap1;al6;ap2;al7;ap3;al8;ap4;ap5;ap6;ap7;ap8;al1;al2;,airplug-demo:29594 says node n1 is alive
203,203,183692909,n1,1,1,-,49.40121313,2.69621279,60.0,10,103.81316,204,n2;al3;n3;al4;n4;al5;ap1;al6;ap2;al7;ap3;al8;ap4;ap5;ap6;ap7;ap8;al1;al2;,airplug-demo:29594 says node n1 is alive
204,204,184695216,n1,1,1,-,49.40121027,2.69623031,60.0,10,103.92024,205,n2;al3;n3;al4;n4;al5;ap1;al6;ap2;al7;ap3;al8;ap4;ap5;ap6;ap7;ap8;al1;al2;,airplug-demo:29594 says node n1 is alive
205,205,185698786,n1,1,1,-,49.40120741,2.69624812,60.0,10,103.92024,206,n2;al3;n3;al4;n4;al5;ap1;al6;ap2;al7;ap3;al8;ap4;ap5;ap6;ap7;ap8;al1;al2;,airplug-demo:29594 says node n1 is alive
206,206,186701222,n1,1,1,-,49.40120741,2.69624812,60.0,10,103.92024,207,n2;al3;n3;al4;n4;al5;ap1;al6;ap2;al7;ap3;al8;ap4;ap5;ap6;ap7;ap8;al1;al2;,airplug-demo:29594 says node n1 is alive
207,207,187704009,n1,1,1,-,49.40120454,2.69626593,60.0,10,103.92024,208,n2;al3;n3;al4;n4;al5;ap1;al6;ap2;al7;ap3;al8;ap4;ap5;ap6;ap7;ap8;al1;al2;,airplug-demo:29594 says node n1 is alive
208,208,188706049,n1,1,1,-,49.40120168,2.69628315,60.0,10,104.36533,209,n2;al3;n3;al4;n4;al5;ap1;al6;ap2;al7;ap3;al8;ap4;ap5;ap6;ap7;ap8;al1;al2;,airplug-demo:29594 says node n1 is alive
209,209,189709605,n1,1,1,-,49.40119938,2.69629746,60.0,10,103.81316,210,n2;al3;n3;al4;n4;al5;ap1;al6;ap2;al7;ap3;al8;ap4;ap5;ap6;ap7;ap8;al1;al2;,airplug-demo:29594 says node n1 is alive
210,210,190712600,n1,1,1,-,49.40119652,2.69631556,60.0,10,103.92024,211,n2;al3;n3;al4;n4;al5;ap1;al6;ap2;al7;ap3;al8;ap4;ap5;ap6;ap7;ap8;al1;al2;,airplug-demo:29594 says node n1 is alive
211,211,191716029,n1,1,1,-,49.40119364,2.69633366,60.0,10,103.50139,212,n2;al3;n3;al4;n4;al5;ap1;al6;ap2;al7;ap3;al8;ap4;ap5;ap6;ap7;ap8;al1;al2;,airplug-demo:29594 says node n1 is alive
212,212,192718069,n1,1,1,-,49.40119078,2.69635118,60.0,10,103.92023,213,n2;al3;n3;al4;n4;al5;ap1;al6;ap2;al7;ap3;al8;ap4;ap5;ap6;ap7;ap8;al1;al2;,airplug-demo:29594 says node n1 is alive
213,213,193720315,n1,1,1,-,49.40118792,2.69636899,60.0,10,103.92023,214,n2;al3;n3;al4;n4;al5;ap1;al6;ap2;al7;ap3;al8;ap4;ap5;ap6;ap7;ap8;al1;al2;,airplug-demo:29594 says node n1 is alive
214,214,194723218,n1,1,1,-,49.40118792,2.69636899,60.0,10,103.92023,215,n2;al3;n3;al4;n4;al5;ap1;al6;ap2;al7;ap3;al8;ap4;ap5;ap6;ap7;ap8;al1;al2;,airplug-demo:29594 says node n1 is alive
215,215,195726600,n1,1,1,-,49.40118505,2.69638622,60.0,10,104.36533,216,n2;al3;n3;al4;n4;al5;ap1;al6;ap2;al7;ap3;al8;ap4;ap5;ap6;ap7;ap8;al1;al2;,airplug-demo:29594 says node n1 is alive
216,216,196729224,n1,1,1,-,49.40118218,2.69640403,60.0,10,103.92023,217,n2;al3;n3;al4;n4;al5;ap1;al6;ap2;al7;ap3;al8;ap4;ap5;ap6;ap7;ap8;al1;al2;,airplug-demo:29594 says node n1 is alive
217,217,197731382,n1,1,1,-,49.40117932,2.69642213,60.0,10,103.92023,218,n2;al3;n3;al4;n4;al5;ap1;al6;ap2;al7;ap3;al8;ap4;ap5;ap6;ap7;ap8;al1;al2;,airplug-demo:29594 says node n1 is alive
218,218,198733848,n1,1,1,-,49.40117645,2.69644024,60.0,10,103.50139,219,n2;al3;n3;al4;n4;al5;ap1;al6;ap2;al7;ap3;al8;ap4;ap5;ap6;ap7;ap8;al1;al2;,airplug-demo:29594 says node n1 is alive
219,219,199737195,n1,1,1,-,49.40117416,2.69645455,60.0,10,103.81314,220,n2;al3;n3;al4;n4;al5;ap1;al6;ap2;al7;ap3;al8;ap4;ap5;ap6;ap7;ap8;al1;al2;,airplug-demo:29594 says node n1 is alive
220,220,200739478,n1,1,1,-,49.4011713,2.69647206,60.0,10,103.92022,221,n2;al3;n3;al4;n4;al5;ap1;al6;ap2;al7;ap3;al8;ap4;ap5;ap6;ap7;ap8;al1;al2;,airplug-demo:29594 says node n1 is alive
221,221,201586719,n1,0,1,-,49.4011674,2.69649005,60.0,10,109.13624,222,n2;al3;n3;al4;n4;al5;ap1;al6;ap2;al7;ap3;al8;ap4;ap5;ap6;ap7;ap8;al1;al2;,airplug-demo:29594 says node n1 is alive
222,222,202589218,n1,1,1,-,49.4011674,2.69649005,60.0,10,109.13624,223,n2;al3;n3;al4;n4;al5;ap1;al6;ap2;al7;ap3;al8;ap4;ap5;ap6;ap7;ap8;al1;al2;,airplug-demo:29594 says node n1 is alive
223,223,203591541,n1,1,1,-,49.40116337,2.69650712,60.0,10,109.72559,224,n2;al3;n3;al4;n4;al5;ap1;al6;ap2;al7;ap3;al8;ap4;ap5;ap6;ap7;ap8;al1;al2;,airplug-demo:29594 says node n1 is alive
224,224,204593755,n1,1,1,-,49.40115933,2.69652509,60.0,10,109.13623,225,n2;al3;n3;al4;n4;al5;ap1;al6;ap2;al7;ap3;al8;ap4;ap5;ap6;ap7;ap8;al1;al2;,airplug-demo:29594 says node n1 is alive
225,225,205595813,n1,1,1,-,49.40115533,2.6965424,60.0,10,109.72559,226,n2;al3;n3;al4;n4;al5;ap1;al6;ap2;al7;ap3;al8;ap4;ap5;ap6;ap7;ap8;al1;al2;,airplug-demo:29594 says node n1 is alive
226,226,206597590,n1,1,1,-,49.40115188,2.69655709,60.0,10,109.5253,227,n2;al3;n3;al4;n4;al5;ap1;al6;ap2;al7;ap3;al8;ap4;ap5;ap6;ap7;ap8;al1;al2;,airplug-demo:29594 says node n1 is alive
227,227,207599547,n1,1,1,-,49.40114731,2.69657464,60.0,10,111.63126,228,n2;al3;n3;al4;n4;al5;ap1;al6;ap2;al7;ap3;al8;ap4;ap5;ap6;ap7;ap8;al1;al2;,airplug-demo:29594 says node n1 is alive
228,228,208601878,n1,1,1,-,49.40114329,2.69659259,60.0,10,109.13623,229,n2;al3;n3;al4;n4;al5;ap1;al6;ap2;al7;ap3;al8;ap4;ap5;ap6;ap7;ap8;al1;al2;,airplug-demo:29594 says node n1 is alive
229,229,209604630,n1,1,1,-,49.40113929,2.69660998,60.0,10,109.72558,230,n2;al3;n3;al4;n4;al5;ap1;al6;ap2;al7;ap3;al8;ap4;ap5;ap6;ap7;ap8;al1;al2;,airplug-demo:29594 says node n1 is alive
230,230,210607888,n1,1,1,-,49.40113929,2.69660998,60.0,10,109.72558,231,n2;al3;n3;al4;n4;al5;ap1;al6;ap2;al7;ap3;al8;ap4;ap5;ap6;ap7;ap8;al1;al2;,airplug-demo:29594 says node n1 is alive
231,231,211610060,n1,1,1,-,49.40113471,2.6966277,60.0,10,111.63126,232,n2;al3;n3;al4;n4;al5;ap1;al6;ap2;al7;ap3;al8;ap4;ap5;ap6;ap7;ap8;al1;al2;,airplug-demo:29594 says node n1 is alive
232,232,211796570,n1,0,1,-,49.40113183,2.69664234,60.0,10,106.46309,233,n2;al3;n3;al4;n4;al5;ap1;al6;ap2;al7;ap3;al8;ap4;ap5;ap6;ap7;ap8;al1;al2;,airplug-demo:29594 says node n1 is alive
233,233,212798449,n1,1,1,-,49.40113183,2.69664234,60.0,10,106.46309,234,n2;al3;n3;al4;n4;al5;ap1;al6;ap2;al7;ap3;al8;ap4;ap5;ap6;ap7;ap8;al1;al2;,airplug-demo:29594 says node n1 is alive
234,234,213800763,n1,1,1,-,49.40112837,2.69666067,60.0,10,106.07301,235,n2;al3;n3;al4;n4;al5;ap1;al6;ap2;al7;ap3;al8;ap4;ap5;ap6;ap7;ap8;al1;al2;,airplug-demo:29594 says node n1 is alive
235,235,214803533,n1,1,1,-,49.4011255,2.69667777,60.0,10,104.36531,236,n2;al3;n3;al4;n4;al5;ap1;al6;ap2;al7;ap3;al8;ap4;ap5;ap6;ap7;ap8;al1;al2;,airplug-demo:29594 says node n1 is alive
236,236,215805615,n1,1,1,-,49.40112262,2.69669548,60.0,10,103.92021,237,n2;al3;n3;al4;n4;al5;ap1;al6;ap2;al7;ap3;al8;ap4;ap5;ap6;ap7;ap8;al1;al2;,airplug-demo:29594 says node n1 is alive
237,237,216807745,n1,1,1,-,49.40111974,2.69671379,60.0,10,103.50137,238,n2;al3;n3;al4;n4;al5;ap1;al6;ap2;al7;ap3;al8;ap4;ap5;ap6;ap7;ap8;al1;al2;,airplug-demo:29594 says node n1 is alive
238,238,217812668,n1,1,1,-,49.40111686,2.69673217,60.0,10,103.50137,239,n2;al3;n3;al4;n4;al5;ap1;al6;ap2;al7;ap3;al8;ap4;ap5;ap6;ap7;ap8;al1;al2;,airplug-demo:29594 says node n1 is alive
239,239,218814902,n1,1,1,-,49.401114,2.69674974,60.0,10,104.3653,240,n2;al3;n3;al4;n4;al5;ap1;al6;ap2;al7;ap3;al8;ap4;ap5;ap6;ap7;ap8;al1;al2;,airplug-demo:29594 says node n1 is alive
240,240,219817765,n1,1,1,-,49.40111168,2.69676446,60.0,10,103.30109,241,n2;al3;n3;al4;n4;al5;ap1;al6;ap2;al7;ap3;al8;ap4;ap5;ap6;ap7;ap8;al1;al2;,airplug-demo:29594 says node n1 is alive
241,241,220819635,n1,1,1,-,49.40111168,2.69676446,60.0,10,103.30109,242,n2;al3;n3;al4;n4;al5;ap1;al6;ap2;al7;ap3;al8;ap4;ap5;ap6;ap7;ap8;al1;al2;,airplug-demo:29594 says node n1 is alive
242,242,221821962,n1,1,1,-,49.40110881,2.69678264,60.0,10,103.50137,243,n2;al3;n3;al4;n4;al5;ap1;al6;ap2;al7;ap3;al8;ap4;ap5;ap6;ap7;ap8;al1;al2;,airplug-demo:29594 says node n1 is alive
243,243,222824496,n1,1,1,-,49.40110594,2.6968014,60.0,10,103.50137,244,n2;al3;n3;al4;n4;al5;ap1;al6;ap2;al7;ap3;al8;ap4;ap5;ap6;ap7;ap8;al1;al2;,airplug-demo:29594 says node n1 is alive
244,244,223828169,n1,1,1,-,49.40110306,2.69681881,60.0,10,103.92021,245,n2;al3;n3;al4;n4;al5;ap1;al6;ap2;al7;ap3;al8;ap4;ap5;ap6;ap7;ap8;al1;al2;,airplug-demo:29594 says node n1 is alive
245,245,224829913,n1,1,1,-,49.40110019,2.6968365,60.0,10,103.92021,246,n2;al3;n3;al4;n4;al5;ap1;al6;ap2;al7;ap3;al8;ap4;ap5;ap6;ap7;ap8;al1;al2;,airplug-demo:29594 says node n1 is alive
246,246,225832245,n1,1,1,-,49.40109791,2.69685183,60.0,10,103.30109,247,n2;al3;n3;al4;n4;al5;ap1;al6;ap2;al7;ap3;al8;ap4;ap5;ap6;ap7;ap8;al1;al2;,airplug-demo:29594 says node n1 is alive
247,247,226834570,n1,1,1,-,49.40109502,2.69686984,60.0,10,106.073,248,n2;al3;n3;al4;n4;al5;ap1;al6;ap2;al7;ap3;al8;ap4;ap5;ap6;ap7;ap8;al1;al2;,airplug-demo:29594 says node n1 is alive
248,248,227709357,n1,0,1,-,49.40109216,2.6968884,60.0,10,100.87312,249,n2;al3;n3;al4;n4;al5;ap1;al6;ap2;al7;ap3;al8;ap4;ap5;ap6;ap7;ap8;al1;al2;,airplug-demo:29594 says node n1 is alive
249,249,228711267,n1,1,1,-,49.40109216,2.6968884,60.0,10,100.87312,250,n2;al3;n3;al4;n4;al5;ap1;al6;ap2;al7;ap3;al8;ap4;ap5;ap6;ap7;ap8;al1;al2;,airplug-demo:29594 says node n1 is alive
250,250,228851639,n1,0,1,-,49.40108928,2.696907,60.0,10,105.61003,251,n2;al3;n3;al4;n4;al5;ap1;al6;ap2;al7;ap3;al8;ap4;ap5;ap6;ap7;ap8;al1;al2;,airplug-demo:29594 says node n1 is alive
251,251,229853923,n1,1,1,-,49.40108928,2.696907,60.0,10,105.61003,252,n2;al3;n3;al4;n4;al5;ap1;al6;ap2;al7;ap3;al8;ap4;ap5;ap6;ap7;ap8;al1;al2;,airplug-demo:29594 says node n1 is alive
252,252,230857404,n1,1,1,-,49.40108641,2.69692474,60.0,10,103.9202,253,n2;al3;n3;al4;n4;al5;ap1;al6;ap2;al7;ap3;al8;ap4;ap5;ap6;ap7;ap8;al1;al2;,airplug-demo:29594 says node n1 is alive
253,253,231860628,n1,1,1,-,49.40108355,2.69694362,60.0,10,103.10656,254,n2;al3;n3;al4;n4;al5;ap1;al6;ap2;al7;ap3;al8;ap4;ap5;ap6;ap7;ap8;al1;al2;,airplug-demo:29594 says node n1 is alive
